key,key:userAccount
administrator-02,user-account-adminitrator-02
administrator-03,user-account-adminitrator-03
administrator-04,user-account-adminitrator-04
administrator-05,user-account-adminitrator-05
administrator-06,user-account-adminitrator-06
administrator-07,user-account-adminitrator-07
administrator-08,user-account-adminitrator-08
administrator-09,user-account-adminitrator-09
administrator-10,user-account-adminitrator-10
administrator-11,user-account-adminitrator-11
administrator-12,user-account-adminitrator-12
administrator-13,user-account-adminitrator-13
administrator-14,user-account-adminitrator-14
administrator-15,user-account-adminitrator-15
