key, moment, title, author, message, email, link
notice-01, 2024-03-08T10:00:00, News 1, John Doe, This is a test message for News 1., john.doe@example.com, http://example1.com
notice-02, 2024-03-09T12:30:00, Important Update, Jane Smith - Lastname, Test message for Notice 2., jane.smith@example.com, http://example2.com
notice-03, 2024-03-10T15:45:00, Announcement 3, Author Three - LastName Three, Message for Notice 3., author3@example.com, http://example3.com
notice-04, 2024-03-11T08:15:00, Special News 4, Author Four - LastName Four, Test content for Notice 4., author4@example.com, http://example4.com
notice-05, 2024-03-12T14:00:00, News 5, Author Five - LastName Five, Example message for Notice 5., author5@example.com, http://example5.com
notice-06, 2024-03-13T09:30:00, Notice 6 Update, Author Six - LastName Six, Test content for Notice 6., author6@example.com, http://example6.com
notice-07, 2024-03-14T11:45:00, Important News 7, Author Seven - LastName Seven, Message for Notice 7., author7@example.com, http://example7.com
notice-08, 2024-03-15T16:00:00, News Update 8, Author Eight - LastName Eight, This is the message for Notice 8., author8@example.com, http://example8.com
notice-09, 2024-03-16T13:15:00, Special Announcement 9, Author Nine - LastName Nine, Test content for Notice 9., author9@example.com, http://example9.com
notice-10, 2024-03-17T07:30:00, Exclusive News 10, Author Ten - LastName Ten, Example message for Notice 10., author10@example.com, http://example10.com
notice-11, 2024-03-18T14:45:00, Important Notice 11, Author Eleven - LastName Eleven, This is the message for Notice 11., author11@example.com, http://example11.com
notice-12, 2024-03-19T10:00:00, Notice Update 12, Author Twelve - LastName Twelve, Test content for Notice 12., author12@example.com, http://example12.com
notice-13, 2024-03-20T12:30:00, Announcement 13, Author Thirteen - LastName Thirteen, Message for Notice 13., author13@example.com, http://example13.com
notice-14, 2024-03-21T15:45:00, Special News 14, Author Fourteen - LastName Fourteen, Test content for Notice 14., author14@example.com, http://example14.com
notice-15, 2024-03-22T08:15:00, Exclusive Update 15, Author Fifteen - LastName Fifteen, Example message for Notice 15., author15@example.com, http://example15.com